Workbook

Sheet 📋 Instructions
B2: ICS / OT ASSET INVENTORY Phase 0 — Asset Discovery Template
B8: Suitable for SMB → Enterprise | ICS / SCADA / DCS / OT environments
B10: ABOUT THIS TEMPLATE
B11: Purpose | C11: Comprehensive OT/ICS asset inventory for Phase 0 discovery assessments
B12: Scope | C12: Covers all ISA-95 levels: Field devices (L0) through DMZ/Enterprise (L3/L4)
B13: Standards alignment | C13: Aligned to IEC 62443, NIST SP 800-82, CIS Controls v8
B14: Scalability | C14: Works for a single-site SMB or multi-site enterprise — filter/hide unused columns as needed
B16: SHEET GUIDE
B17: 📋 Instructions | C17: This sheet — how to use the template
B18: 🖥 Asset Register | C18: Primary inventory — one row per physical/logical asset
B19: 🌐 Network Map | C19: Network segment & connectivity log
B20: 🔓 Vuln Flags | C20: Auto-populated CVE/EOL risk flags from Asset Register
B21: 📊 Dashboard | C21: Summary KPIs and charts auto-calculated from register
B22: 🔧 Reference Data | C22: Drop-down lists and lookup tables (do not delete)
B24: HOW TO USE
B25: Step 1 — Populate Reference Data | C25: Review the Reference Data sheet. Add your site names, custom asset types, and owners.
B26: Step 2 — Passive monitoring | C26: Connect OT-safe passive monitoring tool (Claroty/Dragos/Nozomi). Export asset list and paste into Asset Register.
B27: Step 3 — Manual walkdown | C27: Walk facility with tablet. Add devices found that passive monitoring missed (serial, air-gapped, legacy).
B28: Step 4 — Documentation review | C28: Cross-reference P&IDs, vendor contracts, old Visio diagrams. Add gaps as new rows.
B29: Step 5 — Review Vuln Flags | C29: Vuln Flags sheet auto-flags EOL, unpatched, and high-CVE devices. Prioritise these for Phase 1.
B30: Step 6 — Dashboard review | C30: Share Dashboard tab with stakeholders for executive summary without exposing raw data.
B32: DATA CLASSIFICATION WARNING
B33: ⚠ This document contains sensitive OT asset information. Classify per your organisation's data policy. Recommended minimum: CONFIDENTIAL — RESTRICTED DISTRIBUTION. Do not store on shared drives without access controls.

Sheet 🖥 Asset Register
A1: IDENTITY | I1: HARDWARE | Q1: LIFECYCLE | W1: NETWORK | AE1: RISK / VULN | AJ1: OWNERSHIP | AN1: PROCESS CONTEXT | AT1: DISCOVERY META
A2: Asset ID | B2: Asset Name / Tag | C2: Asset Type | D2: ISA-95 Level | E2: Site / Facility | F2: Area / Zone | G2: Physical Location | H2: GPS / Grid Ref | I2: Manufacturer | J2: Model / Part No. | K2: Serial Number | L2: Firmware Version | M2: Hardware Revision | N2: OS / Platform | O2: OS Version | P2: CPU / Architecture | Q2: Install Date | R2: Last Maintenance | S2: End of Life Date | T2: Vendor Support Status | U2: Warranty Expiry | V2: Asset Criticality | W2: IP Address | X2: MAC Address | Y2: Hostname | Z2: Network Segment / VLAN | AA2: Primary Protocol | AB2: Secondary Protocols | AC2: Remote Access | AD2: Remote Access Method | AE2: Known CVEs | AF2: CVE Severity (Max) | AG2: Patch Status | AH2: Last Patch Date | AI2: CRA Compliance Status | AJ2: Asset Owner (OT) | AK2: IT Owner / Contact | AL2: Vendor / Integrator | AM2: Vendor Contract Ref | AN2: Process / System | AO2: Safety Function | AP2: SIL Rating | AQ2: Impact if Offline | AR2: Manual Override Exists | AS2: Dependencies | AT2: Discovery Method | AU2: Discovery Date | AV2: Last Verified Date | AW2: Verified By | AX2: Notes | AY2: Attachments / Links
A3: Unique ID — auto-generated or assigned | B3: Friendly name or plant tag | C3: PLC / RTU / HMI / DCS / EWS / Historian / Switch / Firewall / Sensor / Other | D3: 0 = Field, 1 = Controller, 2 = Supervisory, 3 = Site Ops, 4 = Enterprise | E3: Site or facility name | F3: Plant area, control zone, or network segment | G3: Building, room, rack, panel ID | H3: Optional for distributed assets | I3: Device manufacturer | J3: Full model number | K3: Device serial number | L3: Current installed firmware | M3: HW revision if applicable | N3: Windows version, RTOS, embedded OS | O3: Full OS version string | P3: x86, ARM, MIPS, proprietary | Q3: Date device was installed | R3: Date of last maintenance or inspection | S3: Vendor published EOL date | T3: Active / Extended / End of Life / Unknown | U3: Warranty expiry date | V3: Critical / High / Medium / Low | W3: Current IP address (if applicable) | X3: MAC address | Y3: Device hostname | Z3: Segment name or VLAN ID | AA3: Modbus, DNP3, PROFINET, EtherNet/IP, IEC 61850, etc. | AB3: Additional protocols in use | AC3: Yes / No — any remote access method enabled | AD3: VPN, RDP, cellular modem, vendor portal, etc. | AE3: List CVE IDs if known | AF3: Critical / High / Medium / Low / None / Unknown | AG3: Up to Date / Patches Available / Cannot Patch / Unknown | AH3: Date of last patch or firmware update | AI3: In Scope / Compliant / Non-Compliant / Exempt / Unknown | AJ3: OT engineer or team responsible | AK3: IT counterpart if applicable | AL3: Vendor or system integrator | AM3: Contract or support agreement reference | AN3: What physical process does this control? | AO3: Yes / No — does this perform a safety function? | AP3: SIL 1/2/3/4 if applicable | AQ3: What happens if this device fails / goes offline? | AR3: Yes / No / Partial | AS3: Other assets this device depends on (Asset IDs) | AT3: Passive / Walkdown / Documentation / Vendor-provided | AU3: Date first recorded | AV3: Date record was last verified against physical asset | AW3: Name of person who verified | AX3: Free text notes | AY3: Links to diagrams, datasheets, configs
A4: AST-001 | B4: Boiler Feed PLC | C4: PLC | D4: 1 | E4: Site A | F4: Boiler House | G4: BH-Panel-03 | I4: Siemens | J4: S7-300 CPU 315-2DP | K4: S7K-21983 | L4: V3.3.17 | M4: HW4 | N4: Windows Embedded | O4: 7 SP1 | P4: x86 | Q4: 2012-03-15 | R4: 2023-11-01 | S4: 2023-12-31 | T4: End of Life | V4: Critical | W4: 10.10.1.10 | X4: 00:1B:1B:AA:12:34 | Y4: BH-PLC-01 | Z4: OT-L1-VLAN10 | AA4: Modbus TCP | AB4: PROFIBUS | AC4: No | AE4: CVE-2019-13945 | AF4: High | AG4: Patches Available | AH4: 2021-06-01 | AI4: Non-Compliant | AJ4: J. Kowalski | AK4: IT-OT Ops | AL4: Siemens AG | AM4: SI-2019-0034 | AN4: Controls boiler feed water pumps P-101/102 | AO4: No | AQ4: Production halt — manual intervention required | AR4: Yes | AS4: AST-002,AST-003 | AT4: Passive+Walkdown | AU4: 2024-01-10 | AV4: 2024-01-10 | AW4: A. Novak | AX4: EOL — migration priority HIGH. No patches since 2021. | AY4: P&IDs: BH-001-Rev4
A5: AST-002 | B5: Boiler HMI Station | C5: HMI | D5: 2 | E5: Site A | F5: Boiler House | G5: BH-Control-Room | I5: Rockwell | J5: PanelView Plus 7 | K5: PVP-77401 | L5: V10.011 | N5: Windows Embedded | O5: CE 6.0 | P5: ARM | Q5: 2015-07-20 | R5: 2023-11-01 | S5: 2028-06-30 | T5: Active | V5: High | W5: 10.10.2.20 | X5: 00:1B:44:BB:56:78 | Y5: BH-HMI-01 | Z5: OT-L2-VLAN20 | AA5: EtherNet/IP | AC5: No | AF5: None | AG5: Up to Date | AH5: 2023-09-15 | AI5: Compliant | AJ5: J. Kowalski | AK5: IT-OT Ops | AL5: Rockwell Automation | AM5: RA-SVC-2022-441 | AN5: Operator interface for boiler feed controls | AO5: No | AQ5: Operators revert to manual gauges | AR5: Yes | AS5: AST-001 | AT5: Passive | AU5: 2024-01-10 | AV5: 2024-01-10 | AW5: A. Novak | AX5: Firmware patched Q3 2023. Next review Q3 2024. | AY5: RA FactoryTalk drawings
A6: AST-003 | B6: Water Treatment RTU | C6: RTU | D6: 1 | E6: Site A | F6: Water Treatment | G6: WT-Junction-Box-7 | H6: 51.5074,-0.1278 | I6: ABB | J6: RTU560 | K6: 560-2948-C | L6: R4.1 | N6: Proprietary RTOS | P6: MIPS | Q6: 2008-09-01 | R6: 2022-04-12 | S6: 2026-12-31 | T6: Extended | V6: Critical | W6: 192.168.50.5 | X6: 00:AB:CD:EF:11:22 | Y6: WT-RTU-07 | Z6: OT-L1-VLAN50 | AA6: DNP3 | AB6: IEC 60870-5-101 | AC6: No | AE6: CVE-2022-30313 | AF6: Medium | AG6: Cannot Patch | AI6: Non-Compliant | AJ6: P. Oliynyk | AL6: ABB Ltd | AM6: ABB-MAINT-EXT-009 | AN6: Remote monitoring — water intake flow and pressure | AO6: No | AQ6: SCADA loses telemetry; operator dispatched to site | AR6: Partial | AS6: AST-010 | AT6: Passive+Documentation | AU6: 2024-01-11 | AV6: 2024-01-12 | AW6: A. Novak | AX6: Cannot patch — vendor states no patch available for this FW branch. Compensating control: network isolation. | AY6: DNP3 comms diagram WT-07
A7: AST-004 | B7: SCADA Server Primary | C7: EWS/SCADA | D7: 3 | E7: Site A | F7: Server Room | G7: SR-Rack-A2 | I7: Dell | J7: PowerEdge R750 | K7: DLPOW-2021-0049 | N7: Windows Server | O7: 2019 v1809 | P7: x86-64 | Q7: 2021-01-15 | R7: 2024-01-05 | S7: 2031-01-15 | T7: Active | U7: 2027-01-15 | V7: Critical | W7: 10.10.3.100 | X7: 00:DE:AD:BE:EF:01 | Y7: SCADA-SRV-01 | Z7: OT-L3-VLAN30 | AA7: OPC-UA | AC7: Yes | AD7: VPN (site-to-site) | AF7: None | AG7: Up to Date | AH7: 2024-01-05 | AI7: Compliant | AJ7: Control Systems Team | AK7: IT Infrastructure | AL7: Inductive Automation | AM7: IA-ENT-2021-001 | AN7: Ignition SCADA — site-wide supervisory control | AO7: No | AQ7: Full SCADA loss — operators on manual | AR7: No | AS7: AST-001,AST-002,AST-003 | AT7: Documentation | AU7: 2024-01-08 | AV7: 2024-01-08 | AW7: A. Novak | AX7: Ignition v8.1.28. Monthly patching cycle in place. Backup server AST-005. | AY7: Server room diagram SR-2021
A8: AST-005 | B8: SCADA Historian | C8: Historian | D8: 3 | E8: Site A | F8: Server Room | G8: SR-Rack-A3 | I8: OSIsoft | J8: PI Server | K8: PI-OSI-2019-0021 | L8: 2019 SP3 | N8: Windows Server | O8: 2016 | P8: x86-64 | Q8: 2019-06-01 | R8: 2023-06-01 | S8: 2029-06-01 | T8: Active | U8: 2025-06-01 | V8: High | W8: 10.10.3.101 | X8: 00:DE:AD:BE:EF:02 | Y8: PI-SRV-01 | Z8: OT-L3-VLAN30 | AA8: OPC-DA | AB8: SQL | AC8: No | AE8: CVE-2021-33885 | AF8: High | AG8: Patches Available | AH8: 2022-11-01 | AI8: Non-Compliant | AJ8: Control Systems Team | AK8: IT Infrastructure | AL8: AVEVA (OSIsoft) | AM8: PI-SUP-2019-ENT | AN8: Process data historian — 5-year retention | AO8: No | AQ8: Historical data unavailable; compliance reporting impacted | AR8: No | AS8: AST-004 | AT8: Documentation | AU8: 2024-01-08 | AV8: 2024-01-08 | AW8: A. Novak | AX8: Pending PI upgrade to AVEVA PI 2023. CVE patch deferred to upgrade window. | AY8: PI architecture doc
A9: AST-006 | B9: Safety PLC — Burner | C9: Safety PLC | D9: 1 | E9: Site A | F9: Boiler House | G9: BH-Safety-Cabinet-1 | I9: Hima | J9: HIMax | K9: HX-2017-0033 | L9: V7.0.1 | N9: Proprietary SIL OS | P9: Proprietary | Q9: 2017-03-01 | R9: 2023-11-01 | S9: 2030-03-01 | T9: Active | U9: 2028-03-01 | V9: Critical | W9: 10.10.1.50 | X9: 00:HI:MA:XS:AF:01 | Y9: BH-SIS-01 | Z9: OT-SIS-VLAN5 | AA9: PROFINET | AC9: No | AF9: None | AG9: Up to Date | AH9: 2023-11-01 | AI9: Compliant | AJ9: Safety Systems Engineer | AL9: Hima Paul Hildebrandt | AM9: HIMA-SVC-2017-B01 | AN9: Burner management system — emergency shutdown | AO9: Yes | AP9: SIL 2 | AQ9: ESD triggers automatically; production shutdown | AR9: Yes (hardwired) | AS9: AST-001 | AT9: Walkdown+Documentation | AU9: 2024-01-10 | AV9: 2024-01-10 | AW9: A. Novak | AX9: SIL 2 certified. Change management: MOC required for any modification. Last SIL validation: Nov 2023. | AY9: SIS SIL certificate 2023
A10: AST-007 | B10: OT Core Switch | C10: Switch | D10: 1 | E10: Site A | F10: Boiler House | G10: BH-Panel-03 | I10: Cisco | J10: IE-3400 | K10: FOX2201ABCD | L10: 17.9.3 | N10: IOS-XE | Q10: 2020-05-01 | R10: 2023-05-01 | S10: 2030-05-01 | T10: Active | V10: High | W10: 10.10.1.1 | X10: 00:CO:CI:SW:01:AA | Y10: BH-SW-01 | Z10: OT-L1-VLAN10 | AA10: Ethernet | AC10: No | AE10: CVE-2023-20198 | AF10: Critical | AG10: Patches Available | AH10: 2023-02-01 | AI10: Non-Compliant | AJ10: IT-OT Ops | AK10: IT Infrastructure | AL10: Cisco | AM10: CSCO-SMART-2020-001 | AN10: Core switching — boiler house OT network | AO10: No | AQ10: Full network outage — boiler house | AR10: No | AT10: Passive | AU10: 2024-01-10 | AV10: 2024-01-10 | AW10: A. Novak | AX10: CRITICAL CVE unpatched — maintenance window scheduled Q1 2024. Compensating control: access-lists in place. | AY10: Network diagram v2.3
A11: AST-008 | B11: Undocumented Cellular Modem | C11: Remote Access Device | D11: 3 | E11: Site A | F11: Server Room | G11: SR-Rack-B4 | I11: Sierra Wireless | J11: RV55 | K11: SWI-2019-9981 | L11: 4.14.0 | N11: Embedded Linux | P11: ARM | Q11: 2019-11-01 | T11: Unknown | V11: Critical | W11: 192.168.99.254 | X11: 00:SW:CE:LL:MO:01 | Z11: OT-DMZ | AA11: TCP/IP | AC11: Yes | AD11: 4G Cellular (undocumented) | AF11: Unknown | AG11: Unknown | AI11: Non-Compliant | AJ11: Unknown | AK11: Unknown | AL11: Sierra Wireless | AM11: Unknown | AN11: Unknown — discovered during walkdown | AO11: No | AQ11: Unknown — not in P&IDs | AR11: No | AT11: Walkdown | AU11: 2024-01-11 | AV11: 2024-01-11 | AW11: A. Novak | AX11: ⚠ UNDOCUMENTED DEVICE. Found plugged into rack during physical walkdown. Not in any diagram. Vendor installed 2019 for remote support — never removed. ISOLATE PENDING INVESTIGATION. | AY11: Photo: modem-rack-B4.jpg
A12: AST-009 | B12: Flow Transmitter FT-201 | C12: Sensor/Field Device | D12: 0 | E12: Site A | F12: Water Treatment | G12: WT-Line-2 | I12: Endress+Hauser | J12: Proline Promag 55 | K12: EH-FT-201-2016 | Q12: 2016-04-01 | R12: 2022-09-01 | T12: Active | V12: Medium | Z12: OT-L0-Serial | AA12: HART | AB12: 4-20mA | AC12: No | AF12: None | AI12: Compliant | AJ12: Process Team | AL12: Endress+Hauser | AM12: EH-SVC-2016-021 | AN12: Water flow measurement — feed line 2 | AO12: No | AQ12: Flow data lost; manual sampling required | AR12: No | AS12: AST-003 | AT12: Walkdown | AU12: 2024-01-12 | AV12: 2024-01-12 | AW12: A. Novak | AX12: No IP connectivity — HART only. Calibration due 2024-09. | AY12: Calibration cert EH-FT201-2023
A13: AST-010 | B13: Engineering Workstation | C13: EWS | D13: 2 | E13: Site A | F13: Engineering Office | G13: EO-Desk-12 | I13: HP | J13: EliteDesk 800 G4 | K13: HP-2018-EWS-04 | N13: Windows | O13: 10 LTSC 2019 | P13: x86-64 | Q13: 2018-08-01 | R13: 2023-08-01 | S13: 2029-10-14 | T13: Active | U13: 2024-08-01 | V13: High | W13: 10.10.2.50 | X13: 00:HP:EW:ST:AT:01 | Y13: ENG-WS-04 | Z13: OT-L2-VLAN20 | AA13: EtherNet/IP | AB13: USB | AC13: No | AF13: Low | AG13: Up to Date | AH13: 2023-12-01 | AI13: Compliant | AJ13: J. Kowalski | AK13: IT-OT Ops | AL13: HP / Rockwell | AN13: PLC programming and configuration workstation | AO13: No | AQ13: Engineering changes require physical access | AR13: No | AS13: AST-001,AST-002 | AT13: Passive+Walkdown | AU13: 2024-01-10 | AV13: 2024-01-10 | AW13: A. Novak | AX13: USB ports active — policy review required. AV up to date. Connected to OT-L2 only; no IT network access. | AY13: Asset sticker photo: EWS-04.jpg

Sheet 🌐 Network Map
A1: NETWORK TOPOLOGY LOG
A2: Segment ID | B2: Segment Name | C2: ISA-95 Level | D2: VLAN ID | E2: IP Subnet | F2: Zone Type | G2: Connected To (Segment ID) | H2: Connection Type | I2: Firewall / ACL Between | J2: Protocol(s) in Use | K2: Remote Access Enabled | L2: Asset Count | M2: Notes
A3: SEG-01 | B3: OT-Field-L0 | C3: 0 | D3: N/A | E3: Serial/4-20mA | F3: Field Zone | G3: SEG-02 | H3: Serial / Analog | I3: None — hardwired | J3: HART, Modbus RTU | K3: No | L3: 12 | M3: Level 0 field instruments. No IP connectivity.
A4: SEG-02 | B4: OT-Controller-L1 | C4: 1 | D4: 10 | E4: 10.10.1.0/24 | F4: Controller Zone | G4: SEG-03 | H4: Ethernet | I4: Purdue Model boundary | J4: Modbus TCP, PROFINET | K4: No | L4: 8 | M4: PLCs, RTUs, safety systems.
A5: SEG-03 | B5: OT-Supervisory-L2 | C5: 2 | D5: 20 | E5: 10.10.2.0/24 | F5: Supervisory Zone | G5: SEG-04 | H5: Ethernet | I5: Managed switch ACL | J5: EtherNet/IP, OPC-DA | K5: No | L5: 5 | M5: HMIs, Engineering Workstations.
A6: SEG-04 | B6: OT-Site-Ops-L3 | C6: 3 | D6: 30 | E6: 10.10.3.0/24 | F6: Site Operations Zone | G6: SEG-05 | H6: Ethernet | I6: Industrial Firewall | J6: OPC-UA, SQL | K6: Yes (VPN) | L6: 4 | M6: SCADA servers, historians. VPN for site-to-site only.
A7: SEG-05 | B7: OT-SIS | C7: 1 | D7: 5 | E7: 10.10.5.0/28 | F7: Safety Instrumented Zone | G7: SEG-02 | H7: Ethernet | I7: Air gap / one-way datadiode | J7: PROFINET | K7: No | L7: 3 | M7: Safety PLC systems. Physically segregated.
A8: SEG-06 | B8: OT-DMZ | C8: 3 | D8: 99 | E8: 192.168.99.0/30 | F8: DMZ | G8: SEG-04,IT-CORP | H8: Ethernet | I8: DMZ firewall both sides | J8: TCP/IP | K8: Unknown | L8: 1 | M8: ⚠ Undocumented modem AST-008 found here. Investigate.

Sheet 🔓 Vuln Flags
A1: VULNERABILITY FLAGS — AUTO-POPULATED
A2: Asset ID | B2: Asset Name | C2: Asset Type | D2: ISA-95 Lvl | E2: Criticality | F2: EOL Flag | G2: CVE Flag | H2: Patch Flag | I2: Remote Access Flag | J2: Undocumented Flag | K2: Risk Score (auto) | L2: Priority | M2: Action Required
A3: ℹ Rows below pull from 🖥 Asset Register. Flags are set: 🔴 = issue found, ✅ = OK, ❓ = unknown. Risk Score 1-10 auto-calculated.
A4: ='🖥 Asset Register'!A4 -> AST-001 | B4: ='🖥 Asset Register'!B4 -> Boiler Feed PLC | C4: ='🖥 Asset Register'!C4 -> PLC | D4: ='🖥 Asset Register'!D4 -> 1 | E4: ='🖥 Asset Register'!V4 -> Critical | F4: =IF('🖥 Asset Register'!T4="End of Life","🔴 EOL",IF('🖥 Asset Register'!T4="Unknown","❓ Unknown","✅ OK")) -> 🔴 EOL | G4: =IF(OR('🖥 Asset Register'!AE4="Critical",'🖥 Asset Register'!AE4="High"),"🔴 HIGH CVE",IF('🖥 Asset Register'!AE4="Medium","🟡 MED CVE",IF('🖥 Asset Register'!AE4="None","✅ OK","❓ Unknown"))) -> ❓ Unknown | H4: =IF('🖥 Asset Register'!AF4="Patches Available","🔴 Unpatched",IF('🖥 Asset Register'!AF4="Cannot Patch","🔴 Cannot Patch",IF('🖥 Asset Register'!AF4="Up to Date","✅ OK","❓ Unknown"))) -> ❓ Unknown | I4: =IF('🖥 Asset Register'!AC4="Yes","🔴 Remote Access","✅ No Remote") -> ✅ No Remote | J4: =IF(ISNUMBER(SEARCH("undocumented",'🖥 Asset Register'!AW4)),"🔴 UNDOCUMENTED","✅ Documented") -> ✅ Documented | K4: =MIN(10,(IF('🖥 Asset Register'!V4="Critical",4,IF('🖥 Asset Register'!V4="High",3,IF('🖥 Asset Register'!V4="Medium",2,1)))+IF('🖥 Asset Register'!T4="End of Life",2,IF('🖥 Asset Register'!T4="Extended",1,0))+IF(OR('🖥 Asset Register'!AE4="Critical",'🖥 Asset Register'!AE4="High"),2,IF('🖥 Asset Register'!AE4="Medium",1,0))+IF('🖥 Asset Register'!AF4="Patches Available",1,IF('🖥 Asset Register'!AF4="Cannot Patch",2,0))+IF('🖥 Asset Register'!AC4="Yes",1,0))) -> 6 | L4: =IF(K4>=8,"P1 - CRITICAL",IF(K4>=6,"P2 - HIGH",IF(K4>=4,"P3 - MEDIUM","P4 - LOW"))) -> P2 - HIGH | M4: =IF(K4>=8,"IMMEDIATE ACTION: Isolate/remediate before Phase 1",IF(K4>=6,"HIGH: Schedule remediation within 30 days",IF(K4>=4,"MEDIUM: Include in migration roadmap","LOW: Monitor — standard review cycle"))) -> HIGH: Schedule remediation within 30 days
A5: ='🖥 Asset Register'!A5 -> AST-002 | B5: ='🖥 Asset Register'!B5 -> Boiler HMI Station | C5: ='🖥 Asset Register'!C5 -> HMI | D5: ='🖥 Asset Register'!D5 -> 2 | E5: ='🖥 Asset Register'!V5 -> High | F5: =IF('🖥 Asset Register'!T5="End of Life","🔴 EOL",IF('🖥 Asset Register'!T5="Unknown","❓ Unknown","✅ OK")) -> ✅ OK | G5: =IF(OR('🖥 Asset Register'!AE5="Critical",'🖥 Asset Register'!AE5="High"),"🔴 HIGH CVE",IF('🖥 Asset Register'!AE5="Medium","🟡 MED CVE",IF('🖥 Asset Register'!AE5="None","✅ OK","❓ Unknown"))) -> ❓ Unknown | H5: =IF('🖥 Asset Register'!AF5="Patches Available","🔴 Unpatched",IF('🖥 Asset Register'!AF5="Cannot Patch","🔴 Cannot Patch",IF('🖥 Asset Register'!AF5="Up to Date","✅ OK","❓ Unknown"))) -> ❓ Unknown | I5: =IF('🖥 Asset Register'!AC5="Yes","🔴 Remote Access","✅ No Remote") -> ✅ No Remote | J5: =IF(ISNUMBER(SEARCH("undocumented",'🖥 Asset Register'!AW5)),"🔴 UNDOCUMENTED","✅ Documented") -> ✅ Documented | K5: =MIN(10,(IF('🖥 Asset Register'!V5="Critical",4,IF('🖥 Asset Register'!V5="High",3,IF('🖥 Asset Register'!V5="Medium",2,1)))+IF('🖥 Asset Register'!T5="End of Life",2,IF('🖥 Asset Register'!T5="Extended",1,0))+IF(OR('🖥 Asset Register'!AE5="Critical",'🖥 Asset Register'!AE5="High"),2,IF('🖥 Asset Register'!AE5="Medium",1,0))+IF('🖥 Asset Register'!AF5="Patches Available",1,IF('🖥 Asset Register'!AF5="Cannot Patch",2,0))+IF('🖥 Asset Register'!AC5="Yes",1,0))) -> 3 | L5: =IF(K5>=8,"P1 - CRITICAL",IF(K5>=6,"P2 - HIGH",IF(K5>=4,"P3 - MEDIUM","P4 - LOW"))) -> P4 - LOW | M5: =IF(K5>=8,"IMMEDIATE ACTION: Isolate/remediate before Phase 1",IF(K5>=6,"HIGH: Schedule remediation within 30 days",IF(K5>=4,"MEDIUM: Include in migration roadmap","LOW: Monitor — standard review cycle"))) -> LOW: Monitor — standard review cycle
A6: ='🖥 Asset Register'!A6 -> AST-003 | B6: ='🖥 Asset Register'!B6 -> Water Treatment RTU | C6: ='🖥 Asset Register'!C6 -> RTU | D6: ='🖥 Asset Register'!D6 -> 1 | E6: ='🖥 Asset Register'!V6 -> Critical | F6: =IF('🖥 Asset Register'!T6="End of Life","🔴 EOL",IF('🖥 Asset Register'!T6="Unknown","❓ Unknown","✅ OK")) -> ✅ OK | G6: =IF(OR('🖥 Asset Register'!AE6="Critical",'🖥 Asset Register'!AE6="High"),"🔴 HIGH CVE",IF('🖥 Asset Register'!AE6="Medium","🟡 MED CVE",IF('🖥 Asset Register'!AE6="None","✅ OK","❓ Unknown"))) -> ❓ Unknown | H6: =IF('🖥 Asset Register'!AF6="Patches Available","🔴 Unpatched",IF('🖥 Asset Register'!AF6="Cannot Patch","🔴 Cannot Patch",IF('🖥 Asset Register'!AF6="Up to Date","✅ OK","❓ Unknown"))) -> ❓ Unknown | I6: =IF('🖥 Asset Register'!AC6="Yes","🔴 Remote Access","✅ No Remote") -> ✅ No Remote | J6: =IF(ISNUMBER(SEARCH("undocumented",'🖥 Asset Register'!AW6)),"🔴 UNDOCUMENTED","✅ Documented") -> ✅ Documented | K6: =MIN(10,(IF('🖥 Asset Register'!V6="Critical",4,IF('🖥 Asset Register'!V6="High",3,IF('🖥 Asset Register'!V6="Medium",2,1)))+IF('🖥 Asset Register'!T6="End of Life",2,IF('🖥 Asset Register'!T6="Extended",1,0))+IF(OR('🖥 Asset Register'!AE6="Critical",'🖥 Asset Register'!AE6="High"),2,IF('🖥 Asset Register'!AE6="Medium",1,0))+IF('🖥 Asset Register'!AF6="Patches Available",1,IF('🖥 Asset Register'!AF6="Cannot Patch",2,0))+IF('🖥 Asset Register'!AC6="Yes",1,0))) -> 5 | L6: =IF(K6>=8,"P1 - CRITICAL",IF(K6>=6,"P2 - HIGH",IF(K6>=4,"P3 - MEDIUM","P4 - LOW"))) -> P3 - MEDIUM | M6: =IF(K6>=8,"IMMEDIATE ACTION: Isolate/remediate before Phase 1",IF(K6>=6,"HIGH: Schedule remediation within 30 days",IF(K6>=4,"MEDIUM: Include in migration roadmap","LOW: Monitor — standard review cycle"))) -> MEDIUM: Include in migration roadmap
A7: ='🖥 Asset Register'!A7 -> AST-004 | B7: ='🖥 Asset Register'!B7 -> SCADA Server Primary | C7: ='🖥 Asset Register'!C7 -> EWS/SCADA | D7: ='🖥 Asset Register'!D7 -> 3 | E7: ='🖥 Asset Register'!V7 -> Critical | F7: =IF('🖥 Asset Register'!T7="End of Life","🔴 EOL",IF('🖥 Asset Register'!T7="Unknown","❓ Unknown","✅ OK")) -> ✅ OK | G7: =IF(OR('🖥 Asset Register'!AE7="Critical",'🖥 Asset Register'!AE7="High"),"🔴 HIGH CVE",IF('🖥 Asset Register'!AE7="Medium","🟡 MED CVE",IF('🖥 Asset Register'!AE7="None","✅ OK","❓ Unknown"))) -> ❓ Unknown | H7: =IF('🖥 Asset Register'!AF7="Patches Available","🔴 Unpatched",IF('🖥 Asset Register'!AF7="Cannot Patch","🔴 Cannot Patch",IF('🖥 Asset Register'!AF7="Up to Date","✅ OK","❓ Unknown"))) -> ❓ Unknown | I7: =IF('🖥 Asset Register'!AC7="Yes","🔴 Remote Access","✅ No Remote") -> 🔴 Remote Access | J7: =IF(ISNUMBER(SEARCH("undocumented",'🖥 Asset Register'!AW7)),"🔴 UNDOCUMENTED","✅ Documented") -> ✅ Documented | K7: =MIN(10,(IF('🖥 Asset Register'!V7="Critical",4,IF('🖥 Asset Register'!V7="High",3,IF('🖥 Asset Register'!V7="Medium",2,1)))+IF('🖥 Asset Register'!T7="End of Life",2,IF('🖥 Asset Register'!T7="Extended",1,0))+IF(OR('🖥 Asset Register'!AE7="Critical",'🖥 Asset Register'!AE7="High"),2,IF('🖥 Asset Register'!AE7="Medium",1,0))+IF('🖥 Asset Register'!AF7="Patches Available",1,IF('🖥 Asset Register'!AF7="Cannot Patch",2,0))+IF('🖥 Asset Register'!AC7="Yes",1,0))) -> 5 | L7: =IF(K7>=8,"P1 - CRITICAL",IF(K7>=6,"P2 - HIGH",IF(K7>=4,"P3 - MEDIUM","P4 - LOW"))) -> P3 - MEDIUM | M7: =IF(K7>=8,"IMMEDIATE ACTION: Isolate/remediate before Phase 1",IF(K7>=6,"HIGH: Schedule remediation within 30 days",IF(K7>=4,"MEDIUM: Include in migration roadmap","LOW: Monitor — standard review cycle"))) -> MEDIUM: Include in migration roadmap
A8: ='🖥 Asset Register'!A8 -> AST-005 | B8: ='🖥 Asset Register'!B8 -> SCADA Historian | C8: ='🖥 Asset Register'!C8 -> Historian | D8: ='🖥 Asset Register'!D8 -> 3 | E8: ='🖥 Asset Register'!V8 -> High | F8: =IF('🖥 Asset Register'!T8="End of Life","🔴 EOL",IF('🖥 Asset Register'!T8="Unknown","❓ Unknown","✅ OK")) -> ✅ OK | G8: =IF(OR('🖥 Asset Register'!AE8="Critical",'🖥 Asset Register'!AE8="High"),"🔴 HIGH CVE",IF('🖥 Asset Register'!AE8="Medium","🟡 MED CVE",IF('🖥 Asset Register'!AE8="None","✅ OK","❓ Unknown"))) -> ❓ Unknown | H8: =IF('🖥 Asset Register'!AF8="Patches Available","🔴 Unpatched",IF('🖥 Asset Register'!AF8="Cannot Patch","🔴 Cannot Patch",IF('🖥 Asset Register'!AF8="Up to Date","✅ OK","❓ Unknown"))) -> ❓ Unknown | I8: =IF('🖥 Asset Register'!AC8="Yes","🔴 Remote Access","✅ No Remote") -> ✅ No Remote | J8: =IF(ISNUMBER(SEARCH("undocumented",'🖥 Asset Register'!AW8)),"🔴 UNDOCUMENTED","✅ Documented") -> ✅ Documented | K8: =MIN(10,(IF('🖥 Asset Register'!V8="Critical",4,IF('🖥 Asset Register'!V8="High",3,IF('🖥 Asset Register'!V8="Medium",2,1)))+IF('🖥 Asset Register'!T8="End of Life",2,IF('🖥 Asset Register'!T8="Extended",1,0))+IF(OR('🖥 Asset Register'!AE8="Critical",'🖥 Asset Register'!AE8="High"),2,IF('🖥 Asset Register'!AE8="Medium",1,0))+IF('🖥 Asset Register'!AF8="Patches Available",1,IF('🖥 Asset Register'!AF8="Cannot Patch",2,0))+IF('🖥 Asset Register'!AC8="Yes",1,0))) -> 3 | L8: =IF(K8>=8,"P1 - CRITICAL",IF(K8>=6,"P2 - HIGH",IF(K8>=4,"P3 - MEDIUM","P4 - LOW"))) -> P4 - LOW | M8: =IF(K8>=8,"IMMEDIATE ACTION: Isolate/remediate before Phase 1",IF(K8>=6,"HIGH: Schedule remediation within 30 days",IF(K8>=4,"MEDIUM: Include in migration roadmap","LOW: Monitor — standard review cycle"))) -> LOW: Monitor — standard review cycle
A9: ='🖥 Asset Register'!A9 -> AST-006 | B9: ='🖥 Asset Register'!B9 -> Safety PLC — Burner | C9: ='🖥 Asset Register'!C9 -> Safety PLC | D9: ='🖥 Asset Register'!D9 -> 1 | E9: ='🖥 Asset Register'!V9 -> Critical | F9: =IF('🖥 Asset Register'!T9="End of Life","🔴 EOL",IF('🖥 Asset Register'!T9="Unknown","❓ Unknown","✅ OK")) -> ✅ OK | G9: =IF(OR('🖥 Asset Register'!AE9="Critical",'🖥 Asset Register'!AE9="High"),"🔴 HIGH CVE",IF('🖥 Asset Register'!AE9="Medium","🟡 MED CVE",IF('🖥 Asset Register'!AE9="None","✅ OK","❓ Unknown"))) -> ❓ Unknown | H9: =IF('🖥 Asset Register'!AF9="Patches Available","🔴 Unpatched",IF('🖥 Asset Register'!AF9="Cannot Patch","🔴 Cannot Patch",IF('🖥 Asset Register'!AF9="Up to Date","✅ OK","❓ Unknown"))) -> ❓ Unknown | I9: =IF('🖥 Asset Register'!AC9="Yes","🔴 Remote Access","✅ No Remote") -> ✅ No Remote | J9: =IF(ISNUMBER(SEARCH("undocumented",'🖥 Asset Register'!AW9)),"🔴 UNDOCUMENTED","✅ Documented") -> ✅ Documented | K9: =MIN(10,(IF('🖥 Asset Register'!V9="Critical",4,IF('🖥 Asset Register'!V9="High",3,IF('🖥 Asset Register'!V9="Medium",2,1)))+IF('🖥 Asset Register'!T9="End of Life",2,IF('🖥 Asset Register'!T9="Extended",1,0))+IF(OR('🖥 Asset Register'!AE9="Critical",'🖥 Asset Register'!AE9="High"),2,IF('🖥 Asset Register'!AE9="Medium",1,0))+IF('🖥 Asset Register'!AF9="Patches Available",1,IF('🖥 Asset Register'!AF9="Cannot Patch",2,0))+IF('🖥 Asset Register'!AC9="Yes",1,0))) -> 4 | L9: =IF(K9>=8,"P1 - CRITICAL",IF(K9>=6,"P2 - HIGH",IF(K9>=4,"P3 - MEDIUM","P4 - LOW"))) -> P3 - MEDIUM | M9: =IF(K9>=8,"IMMEDIATE ACTION: Isolate/remediate before Phase 1",IF(K9>=6,"HIGH: Schedule remediation within 30 days",IF(K9>=4,"MEDIUM: Include in migration roadmap","LOW: Monitor — standard review cycle"))) -> MEDIUM: Include in migration roadmap
A10: ='🖥 Asset Register'!A10 -> AST-007 | B10: ='🖥 Asset Register'!B10 -> OT Core Switch | C10: ='🖥 Asset Register'!C10 -> Switch | D10: ='🖥 Asset Register'!D10 -> 1 | E10: ='🖥 Asset Register'!V10 -> High | F10: =IF('🖥 Asset Register'!T10="End of Life","🔴 EOL",IF('🖥 Asset Register'!T10="Unknown","❓ Unknown","✅ OK")) -> ✅ OK | G10: =IF(OR('🖥 Asset Register'!AE10="Critical",'🖥 Asset Register'!AE10="High"),"🔴 HIGH CVE",IF('🖥 Asset Register'!AE10="Medium","🟡 MED CVE",IF('🖥 Asset Register'!AE10="None","✅ OK","❓ Unknown"))) -> ❓ Unknown | H10: =IF('🖥 Asset Register'!AF10="Patches Available","🔴 Unpatched",IF('🖥 Asset Register'!AF10="Cannot Patch","🔴 Cannot Patch",IF('🖥 Asset Register'!AF10="Up to Date","✅ OK","❓ Unknown"))) -> ❓ Unknown | I10: =IF('🖥 Asset Register'!AC10="Yes","🔴 Remote Access","✅ No Remote") -> ✅ No Remote | J10: =IF(ISNUMBER(SEARCH("undocumented",'🖥 Asset Register'!AW10)),"🔴 UNDOCUMENTED","✅ Documented") -> ✅ Documented | K10: =MIN(10,(IF('🖥 Asset Register'!V10="Critical",4,IF('🖥 Asset Register'!V10="High",3,IF('🖥 Asset Register'!V10="Medium",2,1)))+IF('🖥 Asset Register'!T10="End of Life",2,IF('🖥 Asset Register'!T10="Extended",1,0))+IF(OR('🖥 Asset Register'!AE10="Critical",'🖥 Asset Register'!AE10="High"),2,IF('🖥 Asset Register'!AE10="Medium",1,0))+IF('🖥 Asset Register'!AF10="Patches Available",1,IF('🖥 Asset Register'!AF10="Cannot Patch",2,0))+IF('🖥 Asset Register'!AC10="Yes",1,0))) -> 3 | L10: =IF(K10>=8,"P1 - CRITICAL",IF(K10>=6,"P2 - HIGH",IF(K10>=4,"P3 - MEDIUM","P4 - LOW"))) -> P4 - LOW | M10: =IF(K10>=8,"IMMEDIATE ACTION: Isolate/remediate before Phase 1",IF(K10>=6,"HIGH: Schedule remediation within 30 days",IF(K10>=4,"MEDIUM: Include in migration roadmap","LOW: Monitor — standard review cycle"))) -> LOW: Monitor — standard review cycle
A11: ='🖥 Asset Register'!A11 -> AST-008 | B11: ='🖥 Asset Register'!B11 -> Undocumented Cellular Modem | C11: ='🖥 Asset Register'!C11 -> Remote Access Device | D11: ='🖥 Asset Register'!D11 -> 3 | E11: ='🖥 Asset Register'!V11 -> Critical | F11: =IF('🖥 Asset Register'!T11="End of Life","🔴 EOL",IF('🖥 Asset Register'!T11="Unknown","❓ Unknown","✅ OK")) -> ❓ Unknown | G11: =IF(OR('🖥 Asset Register'!AE11="Critical",'🖥 Asset Register'!AE11="High"),"🔴 HIGH CVE",IF('🖥 Asset Register'!AE11="Medium","🟡 MED CVE",IF('🖥 Asset Register'!AE11="None","✅ OK","❓ Unknown"))) -> ❓ Unknown | H11: =IF('🖥 Asset Register'!AF11="Patches Available","🔴 Unpatched",IF('🖥 Asset Register'!AF11="Cannot Patch","🔴 Cannot Patch",IF('🖥 Asset Register'!AF11="Up to Date","✅ OK","❓ Unknown"))) -> ❓ Unknown | I11: =IF('🖥 Asset Register'!AC11="Yes","🔴 Remote Access","✅ No Remote") -> 🔴 Remote Access | J11: =IF(ISNUMBER(SEARCH("undocumented",'🖥 Asset Register'!AW11)),"🔴 UNDOCUMENTED","✅ Documented") -> ✅ Documented | K11: =MIN(10,(IF('🖥 Asset Register'!V11="Critical",4,IF('🖥 Asset Register'!V11="High",3,IF('🖥 Asset Register'!V11="Medium",2,1)))+IF('🖥 Asset Register'!T11="End of Life",2,IF('🖥 Asset Register'!T11="Extended",1,0))+IF(OR('🖥 Asset Register'!AE11="Critical",'🖥 Asset Register'!AE11="High"),2,IF('🖥 Asset Register'!AE11="Medium",1,0))+IF('🖥 Asset Register'!AF11="Patches Available",1,IF('🖥 Asset Register'!AF11="Cannot Patch",2,0))+IF('🖥 Asset Register'!AC11="Yes",1,0))) -> 5 | L11: =IF(K11>=8,"P1 - CRITICAL",IF(K11>=6,"P2 - HIGH",IF(K11>=4,"P3 - MEDIUM","P4 - LOW"))) -> P3 - MEDIUM | M11: =IF(K11>=8,"IMMEDIATE ACTION: Isolate/remediate before Phase 1",IF(K11>=6,"HIGH: Schedule remediation within 30 days",IF(K11>=4,"MEDIUM: Include in migration roadmap","LOW: Monitor — standard review cycle"))) -> MEDIUM: Include in migration roadmap
A12: ='🖥 Asset Register'!A12 -> AST-009 | B12: ='🖥 Asset Register'!B12 -> Flow Transmitter FT-201 | C12: ='🖥 Asset Register'!C12 -> Sensor/Field Device | D12: ='🖥 Asset Register'!D12 -> 0 | E12: ='🖥 Asset Register'!V12 -> Medium | F12: =IF('🖥 Asset Register'!T12="End of Life","🔴 EOL",IF('🖥 Asset Register'!T12="Unknown","❓ Unknown","✅ OK")) -> ✅ OK | G12: =IF(OR('🖥 Asset Register'!AE12="Critical",'🖥 Asset Register'!AE12="High"),"🔴 HIGH CVE",IF('🖥 Asset Register'!AE12="Medium","🟡 MED CVE",IF('🖥 Asset Register'!AE12="None","✅ OK","❓ Unknown"))) -> ❓ Unknown | H12: =IF('🖥 Asset Register'!AF12="Patches Available","🔴 Unpatched",IF('🖥 Asset Register'!AF12="Cannot Patch","🔴 Cannot Patch",IF('🖥 Asset Register'!AF12="Up to Date","✅ OK","❓ Unknown"))) -> ❓ Unknown | I12: =IF('🖥 Asset Register'!AC12="Yes","🔴 Remote Access","✅ No Remote") -> ✅ No Remote | J12: =IF(ISNUMBER(SEARCH("undocumented",'🖥 Asset Register'!AW12)),"🔴 UNDOCUMENTED","✅ Documented") -> ✅ Documented | K12: =MIN(10,(IF('🖥 Asset Register'!V12="Critical",4,IF('🖥 Asset Register'!V12="High",3,IF('🖥 Asset Register'!V12="Medium",2,1)))+IF('🖥 Asset Register'!T12="End of Life",2,IF('🖥 Asset Register'!T12="Extended",1,0))+IF(OR('🖥 Asset Register'!AE12="Critical",'🖥 Asset Register'!AE12="High"),2,IF('🖥 Asset Register'!AE12="Medium",1,0))+IF('🖥 Asset Register'!AF12="Patches Available",1,IF('🖥 Asset Register'!AF12="Cannot Patch",2,0))+IF('🖥 Asset Register'!AC12="Yes",1,0))) -> 2 | L12: =IF(K12>=8,"P1 - CRITICAL",IF(K12>=6,"P2 - HIGH",IF(K12>=4,"P3 - MEDIUM","P4 - LOW"))) -> P4 - LOW | M12: =IF(K12>=8,"IMMEDIATE ACTION: Isolate/remediate before Phase 1",IF(K12>=6,"HIGH: Schedule remediation within 30 days",IF(K12>=4,"MEDIUM: Include in migration roadmap","LOW: Monitor — standard review cycle"))) -> LOW: Monitor — standard review cycle
A13: ='🖥 Asset Register'!A13 -> AST-010 | B13: ='🖥 Asset Register'!B13 -> Engineering Workstation | C13: ='🖥 Asset Register'!C13 -> EWS | D13: ='🖥 Asset Register'!D13 -> 2 | E13: ='🖥 Asset Register'!V13 -> High | F13: =IF('🖥 Asset Register'!T13="End of Life","🔴 EOL",IF('🖥 Asset Register'!T13="Unknown","❓ Unknown","✅ OK")) -> ✅ OK | G13: =IF(OR('🖥 Asset Register'!AE13="Critical",'🖥 Asset Register'!AE13="High"),"🔴 HIGH CVE",IF('🖥 Asset Register'!AE13="Medium","🟡 MED CVE",IF('🖥 Asset Register'!AE13="None","✅ OK","❓ Unknown"))) -> ❓ Unknown | H13: =IF('🖥 Asset Register'!AF13="Patches Available","🔴 Unpatched",IF('🖥 Asset Register'!AF13="Cannot Patch","🔴 Cannot Patch",IF('🖥 Asset Register'!AF13="Up to Date","✅ OK","❓ Unknown"))) -> ❓ Unknown | I13: =IF('🖥 Asset Register'!AC13="Yes","🔴 Remote Access","✅ No Remote") -> ✅ No Remote | J13: =IF(ISNUMBER(SEARCH("undocumented",'🖥 Asset Register'!AW13)),"🔴 UNDOCUMENTED","✅ Documented") -> ✅ Documented | K13: =MIN(10,(IF('🖥 Asset Register'!V13="Critical",4,IF('🖥 Asset Register'!V13="High",3,IF('🖥 Asset Register'!V13="Medium",2,1)))+IF('🖥 Asset Register'!T13="End of Life",2,IF('🖥 Asset Register'!T13="Extended",1,0))+IF(OR('🖥 Asset Register'!AE13="Critical",'🖥 Asset Register'!AE13="High"),2,IF('🖥 Asset Register'!AE13="Medium",1,0))+IF('🖥 Asset Register'!AF13="Patches Available",1,IF('🖥 Asset Register'!AF13="Cannot Patch",2,0))+IF('🖥 Asset Register'!AC13="Yes",1,0))) -> 3 | L13: =IF(K13>=8,"P1 - CRITICAL",IF(K13>=6,"P2 - HIGH",IF(K13>=4,"P3 - MEDIUM","P4 - LOW"))) -> P4 - LOW | M13: =IF(K13>=8,"IMMEDIATE ACTION: Isolate/remediate before Phase 1",IF(K13>=6,"HIGH: Schedule remediation within 30 days",IF(K13>=4,"MEDIUM: Include in migration roadmap","LOW: Monitor — standard review cycle"))) -> LOW: Monitor — standard review cycle

Sheet 📊 Dashboard
B1: ICS ASSET INVENTORY — EXECUTIVE DASHBOARD
B3: ='🖥 Asset Register'!E4&" | Last updated: "&TEXT(TODAY(),"DD-MMM-YYYY") -> Site A | Last updated: 07-Jun-2026
B5: TOTAL ASSETS | D5: CRITICAL ASSETS | F5: EOL DEVICES
B6: =COUNTA('🖥 Asset Register'!A4:A200) -> 10 | D6: =COUNTIF('🖥 Asset Register'!V4:V200,"Critical") -> 5 | F6: =COUNTIF('🖥 Asset Register'!T4:T200,"End of Life") -> 1
B7: Unique asset records | D7: Criticality = Critical | F7: Vendor support = End of Life
B10: UNPATCHED | D10: REMOTE ACCESS | F10: HIGH/CRIT CVEs
B11: =COUNTIF('🖥 Asset Register'!AF4:AF200,"Patches Available") -> 0 | D11: =COUNTIF('🖥 Asset Register'!AC4:AC200,"Yes") -> 2 | F11: =COUNTIF('🖥 Asset Register'!AE4:AE200,"Critical")+COUNTIF('🖥 Asset Register'!AE4:AE200,"High") -> 0
B12: Patches available but not applied | D12: Devices with remote access enabled | F12: Assets with High or Critical CVEs
B16: ASSET BREAKDOWN BY TYPE
B17: PLC | E17: =COUNTIF('🖥 Asset Register'!C4:C200,"PLC") -> 1
B18: RTU | E18: =COUNTIF('🖥 Asset Register'!C4:C200,"RTU") -> 1
B19: HMI | E19: =COUNTIF('🖥 Asset Register'!C4:C200,"HMI") -> 1
B20: EWS | E20: =COUNTIF('🖥 Asset Register'!C4:C200,"EWS") -> 1
B21: SCADA Server | E21: =COUNTIF('🖥 Asset Register'!C4:C200,"SCADA Server") -> 0
B22: Historian | E22: =COUNTIF('🖥 Asset Register'!C4:C200,"Historian") -> 1
B23: Switch | E23: =COUNTIF('🖥 Asset Register'!C4:C200,"Switch") -> 1
B24: Safety PLC | E24: =COUNTIF('🖥 Asset Register'!C4:C200,"Safety PLC") -> 1
B25: Sensor/Field Device | E25: =COUNTIF('🖥 Asset Register'!C4:C200,"Sensor/Field Device") -> 1
B26: Other | E26: =COUNTIF('🖥 Asset Register'!C4:C200,"Other") -> 0
B28: CRITICALITY BREAKDOWN
B29: Critical | E29: =COUNTIF('🖥 Asset Register'!V4:V200,"Critical") -> 5
B30: High | E30: =COUNTIF('🖥 Asset Register'!V4:V200,"High") -> 4
B31: Medium | E31: =COUNTIF('🖥 Asset Register'!V4:V200,"Medium") -> 1
B32: Low | E32: =COUNTIF('🖥 Asset Register'!V4:V200,"Low") -> 0

Sheet 🔧 Reference Data
A1: REFERENCE DATA — Drop-down lists and lookup tables. Do not delete or rename this sheet.
A3: ISA-95 PURDUE MODEL LEVELS
A4: Level 0 | B4: Field / Sensor Layer | C4: Sensors, actuators, transmitters, field instruments — physical process
A5: Level 1 | B5: Controller Layer | C5: PLCs, RTUs, Safety PLCs — direct process control
A6: Level 2 | B6: Supervisory Layer | C6: HMIs, Engineering Workstations — supervisory control
A7: Level 3 | B7: Site Operations Layer | C7: SCADA, MES, Historians — site-wide coordination
A8: Level 4 | B8: Enterprise / IT Layer | C8: ERP, business systems — above OT boundary
A10: COMMON OT PROTOCOLS
A11: Modbus RTU/TCP | B11: Schneider, many vendors | C11: Simple, ubiquitous — no auth or encryption
A12: PROFIBUS/PROFINET | B12: Siemens | C12: German standard — industrial automation
A13: EtherNet/IP | B13: Rockwell Automation | C13: CIP over standard Ethernet
A14: DNP3 | B14: Distributed Network Protocol | C14: SCADA/utilities — supports authentication
A15: IEC 60870-5 | B15: IEC Standard | C15: Power systems SCADA
A16: IEC 61850 | B16: IEC Standard | C16: Substation automation — modern
A17: OPC-DA / OPC-UA | B17: OPC Foundation | C17: Interoperability standard; UA = modern, encrypted
A18: HART | B18: FieldComm Group | C18: Field device comms over 4-20mA loops
A19: BACnet | B19: ASHRAE | C19: Building automation and HVAC
A20: Modbus Plus | B20: Schneider | C20: Proprietary extension of Modbus
A22: CRITICALITY SCORING GUIDE
A23: Critical | B23: Direct safety function OR production-critical with no manual backup OR SIL-rated
A24: High | B24: Major production impact if offline; manual backup exists but limited
A25: Medium | B25: Significant operational impact; manual workaround available
A26: Low | B26: Minor impact; easily substituted or redundant
A28: RISK SCORE FORMULA (Vuln Flags sheet)
A29: Component | B29: Points | C29: Notes
A30: Criticality = Critical | B30: +4
A31: Criticality = High | B31: +3
A32: Criticality = Medium | B32: +2
A33: Criticality = Low | B33: +1
A34: Vendor Support = End of Life | B34: +2
A35: Vendor Support = Extended | B35: +1
A36: CVE Severity = Critical or High | B36: +2
A37: CVE Severity = Medium | B37: +1
A38: Patch Status = Cannot Patch | B38: +2
A39: Patch Status = Patches Available | B39: +1
A40: Remote Access = Yes | B40: +1
A41: MAX SCORE | B41: 10 (capped) | C41: Score ≥8 = P1 Critical; ≥6 = P2 High; ≥4 = P3 Medium; <4 = P4 Low
